movieId,avg_rating
6460,4.9
177593,4.75
31364,4.7
2239,4.666666666666667
4334,4.6
1041,4.590909090909091
106642,4.571428571428571
3451,4.545454545454546
1178,4.541666666666667
3152,4.5
